ID,Name,DOB,Sex,Nationality,ABOUT,EDUCATIONAL BACKGROUND,CERTIFICATION,LANGUAGE,TECHNICAL SKILL,EXPERIENCE
1,Pham Viet Hieu,19930101,Male,Vietnamese,8 years of experience in the computer software 6 years of experience in the Cloud Computing 4 years work as AWS Solution Architect and Cloud Presale 2 years work as AWS DevOps Engineer 1 year as a Cloud Group Leader Expert in designing and implementing cloudbased solutions for clients Deep understanding of AWS services, and can recommend and implement the best tools for a given project or business requirement Understand the needs of potential customers and creating compelling proposals that meet their business requirements Have set of skills that bridge the gap between development and operations teams Im experienced in creating automated pipelines to streamline the deployment of applications and services,20112016          Hanoi University of Science and Technology Electronics and Telecommunications,12          AWS Certified Solution Architect Professional,VietnameseNativeJapaneseBeginnerEnglish~700Toeic,Skill            Level High   Medium   Low Program language          Python            True   False   False Bash Script            True   False   False Monitoring tool          Grafana            True   False   False Prometheus            True   False   False Graylog            True   False   False AutomationOrchestration tool          AWS CloudFormation            True   False   False Ansible            False   True   False Jenkins            True   False   False Terraform            False   True   False Microservice          Docker            True   False   False ECS            True   False   False ECR            True   False   False Kurbernetes            False   True   False OS          Windows            False   True   False Linux            True   False   False Database          MySQL            False   True   False MongoDB            False   False   True Oracle            False   False   True DMS            True   False   False Athena            True   False   False Redshift            False   False   True Public Cloud          AWS            True   False   False Azure            False   True   False GCP            False   False   True,Cloud Group Leader  Customer          Japanese customer Description          Redesign CloudPOS System on AWS and Migrate data from Oracle to My SQL Team Size          30 My Position          AWS Engineer and Developer My Responsibilites          Create AWS Infrastructure  ECSAurora MySQLLambdaAPI Gateway Migrate 3TB Oracle Database to Aurora MySQL with DMS Define golive solution Build with Infrastructure reportingService Reporting Develop VBNET function Technologies Used          AWSVBNETJavaOracleMySQL
2,Pham Quang Vinh,20030101,Male,Vietnamese,Knowledge of cloud platforms, particularly AWS Extend knowledge of ML, Computer Vision,20212025          HUSTHanoi University of Science and Technology,1,VietnameseNativeEnglishEnglishIntermediateAdvanced,Program language          PythonCSQLJava ML          Data PreprocessingModel training and evaluationDeep learning ClassificationObject detectionComputer vision Database          MySQLSQL serverDynamoDB OS          WindownsLinux Cloud          AWS,SchoolInterview Project Image Classification model Image Classification model         Framework  pytorchKaggle DatasetCNN model  vgg16Stock difference prediction model          Pandas  preprocessing and visualisationLSTM model
3,Phuong Xuan Thai,,Male,Vietnamese,1,2016  2021          Academy of Cryptography Techniques,1,EnglishImmediately,Program Languages          JavaNETPythonAngular Program Tools          EclipseVisual Studio CodeVisual Studio Frameworks          AngularDjango Database          PostgreSQLRedisMariaDB Cloud          DockerKubernetesRancherHelm ChartAWS Services EKSECSALBNLBCloudFrontAPI GatewayGitlab CICDArgo CDTerraform Application ServerMiddleware          NginxApache KafkaMicroserviceLinux OS Source Management Tool          JenkinsGitlab CI Version Control System          GitSVN,Project name     HUMAN CAPITAL MANAGEMENT          From 052022 to present        Position DevOps Description Internal human resources management system Technologies Salesforce Commercial Cloud Platform Customer Vietnam Team size 711 people  Working with Angular  Creating infrastructure resources on AWS  Configuring CICD for project services  Assisting developers with errors during deployment as well as systemrelated issues  Deploying and managing infrastructure resources on cloud platforms tools like ArgoCD Terraform or CloudFormation  Creating infrastructure resources on AWS Configuring CICD for project services Assisting developers with errors during deployment as well as system    related issues    Project name     Workplace          From 052021 to 052022        Position DevOps Description Delivering companys official information and bulletins Technologies  AWSJava Spring MV Customer Vietnam Team size 7 people  Working with Angular  Creating infrastructure resources on AWS  Configuring CICD for project services  Assisting developers with errors during deployment as well as systemrelated issues  Deploying and managing infrastructure resources on cloud platforms tools like ArgoCDTerraform or CloudFormation  Implementing and maintaining CICD pipelines to automate the buildtestand deployment processes for software applications  Conducting security assessmentsvulnerability scanningand implementing security controls  Responding to and resolving production incidentsidentifying root causesand implementing preventive measures    Project name     Asset management system          From 022020 to 052021        PositionDevOps Description Managing companys servicesassets and resources Technologies  NET corePythonApache KafkaRedisS3 Customer Vietnam Team size 10 people  Working with Angular  Creating infrastructure resources on AWS  Configuring CICD for project services  Assisting developers with errors during deployment as well as systemrelated issues  Deploying and managing infrastructure resources on cloud platforms tools like ArgoCDTerraform or CloudFormation  Implementing and maintaining CICD pipelines to automate the buildtestand deployment processes for software applications  Conducting security assessmentsvulnerability scanningand implementing security controls  Responding to and resolving production incidentsidentifying root causesand implementing preventive measures
4,Tran Van Bạch,,Male,Vietnamese,1,082019 062023          i hc Cng nghip H Ni Major Information system Graduate Good,1,1,Database          SQLServer MySQL Design PatternModelArchitecture          MVC Development APIPartyTool          Visual Studio Notepad Framework          Laravel Front end          css html JavaScript Markup Language          HTML Operation System OS          Windows Ubuntu Programing Language          PHP Project Management Tool          Redmine Jira Gitlab Version Control          Gitlab Github,1
5,1,,Male,Vietnamese,3 years of experience in the computer software 3 years of experience in the Cloud Computing, DevOps 2 years work as AWS Solution Architect and Bigdata on Cloud Expert in designing and implementing cloudbased solutions for clients Experienced in creating automated pipelines to streamline the deployment of applications and services,20192023          VNU University of Engineering and Technology Information and Technology,07          AWS Certified Solution Architect Associate,VietnameseNativeEnglish885Toeic,Program language          PythonJavaSQLBash ScriptScalaHiveSql Data engineering          Databricks Delta Live TablesDatabricks Unity CatalogApache SparkAWS GlueApache KafkaApache NiFiApache HiveDetalLake ETL Techniques          Change Data CaptureData CleansingData AggregationData EnrichmentData Validation Monitoring tool          GrafanaPrometheusNetAppAWS CloudwatchELK StackNew Relic AutomationOrchestration tool          AWS DevOps stackGCP DevOps stackGitlabCIJenkinsArgoCDTerraFormAnsibleAWS CloudFormation Microservices          KafkaECSKurbernetesEKSDocker OS          WindownsLinux Database          MySQLMongoDBDynamoDBPostgreSQLMySQLCassandraDocumentDB Public Cloud          AWSAzureGCP,APC  Customer          Vietnamese customer Description          Consulting for customer in the implementation Landing Zone Team Size          3 My Position          AWS Solution Architect My Responsibilites          Design Microservice ArchitectureMulti VPCAccount Architecture Technologies Used          AWSMicroservices
6,Vu Viet Anh,,Male,Vietnamese, 4 years of experience in Operation System  Know how to use SQL in querry  Tiếp nhận và check log liên quan đến hệ thống và support cùng đơn vị phát triển  Log bug and job management on Redmine,GrafanaJira,20122017          Academy of Fice Major Accounting Major,1,VietnameseNativeEnglishBasic,Domain          MonitoringOperation System Monitoring tool          RedmineGrafanaJiraZabbix AutomationOrchestration tool          WindowsLinux Database          SQL ServerMy SQL,FCCL  Customer          Vietnamese Customer Description          Sale Staff My Position          Sale Staff My Responsibilites          Manage systems with retailer store Cooperate with partner to run promoteevents Manage Momos visible partners Technologies Used          MS Office
7,Do Xuan Hiep,20020101,Male,Vietnamese,1 year work as Devops Engineer Experience in design and implementation within fully automated CICD pipelines Experienced in build infrastructure as code, monitoring and alerting systems Experienced in build and manage Kubernetes on Cloud,2021 Present          VNU University of Engineering and Technology VNUUET  CERIFICATION 2023 2026       CKA Certified Kubernetes Administrator 012024 012027       AWS Certified Solutions ArchitectAssociate,1,1,Program language       JavaPythonType Script Monitoring tool       CloudWatchGrafanaPrometheus Automation  CICD tool       ArgoCDGitlab CIJenkinsTerraformAnsible Containerization and orchestration       DockerKsOpenshift OS       WindowsLinuxUbuntu Public Cloud       AWSAzure Database       MySQLMariaDB,SPPL  Description       Integrate Ansible to configure and implement infrastructure and services on AWS Team Size       8 My Position       DevOps Engineer My Responsibilites       Implement launch templateASG on AWS Configure services in EC2 Implement tasks in AWS RDS Technologies Used       GitlabGitlab CICDAnsible
8,Le Sy Quang,,Male,Vietnamese, 4 years of experience in Developer  2 years of experience in Marketing  Experience in Monitoring  Know how to use SQl  Supporting units to use the software after being deployed  Estimation Task, Receive issue, Raise issue to PM  Log bug and job management on Redmine,20112016          Hanoi University of Mining and Geology Major Software Engineer,1,VietnameseNativeEnglishBasic,Domain          Web App TestingApplication TestingDesktop App Monitoring tool          Redmine AutomationOrchestration tool          Postman Database          SQL ServerMy SQLPostgreSQL,FCCL  Customer          Vietnamese Customer Description          Marketing Company My Position          Employee My Responsibilites          Support employee about marketing and the use of other programms in company Copywriter Website Administrator Content writer Link Building Technologies Used
9,Nguyen Thanh Phuong,19990101,Male,Vietnamese,1,062017 082020          FPT POLYTECHNIC COLLEGE Major Web programming,1,EnglishBasicreadingcomprehension,Program Languages          PHPVueJsTypescriptJavascript Program Tools          PHPStormVisual Studio Frameworks          NuxtJsVueJsReactJsLaravel Database          MySQL Source Management Tool          Git Version Control System          SVN,Project name     L Project          From 082024 to 112024        Position Developer Description Synchronized management systemequipment for sale and rent Technologies VueJsJavascriptTypescriptAWSTailwind CSSQuasar UI Library Customer Korea Customer Team size 20 members Responsibility Develop Frontend    Project name     A Project          From 082022 to 072024        Position Developer Description AI Signals  Automated Trading Bot Platform Technologies NuxtJsJavascriptAWSWebSocketTailwind CSSStrapi AdminElement UI Library Customer Global Customer Team size 30 members Responsibility Develop Frontend    Project name     R Project          From 092020 to 072022        Position Developer Description A holistic teaching experience with assessment  personalised learning in a collaborative learning space Technologies LaravelPHPVueJsAWSPusherJavascriptVuetify UI Library Customer Singapore Customer Team size 20 members Responsibility Full Stack Develop
10,Nguyen Phuong Chi,,Female,Vietnamese,1,20192023          University of Languages and International Studies Vietnam National University, Hanoi Major Japanese Language,IELTS 75,VietnameseNativeEnglishAdvanceJapaneseIntermediate,Domain          Web App TestingApplication TestingDesktop App CloudBase          AWS Test toolFramework          Katalon Database          MySQLOracle,ProjectQAS  Customer          Japanese Customer Description          This project aims to support pharmacists in managing drug information and patient registration for medical examination and treatment Team Size          15 My Position          Tester My Responsibilites          Create test cases Perform testing Detectreport and verify bugs Technologies Used          RedmineMS OfficeMongo
11,Hoang Dong Hoan,,Male,Vietnamese,1,20162020          Foreign Trade University,1,EnglishAdvanced,Program language          Python Programing tool          Visual Studio Code Database          MySQL OS          WindowsLinux Public Cloud          Amazon Web Service,HVN AWS Support  Description          Cloud monitoring Team Size          3 My Position          AWS Cloud Intern My Responsibilites          Conduct monthly report Technologies Used          AWS
12,NGUYEN THI HONG NHUNG,,Female,Vietnamese,Over 2 years of experience working as a subPM on operations projects and software development projects Communicated with clients using business Japanese Played an active role as a bridge between clients and contributed to the smooth progress of projects Experience in operating and maintaining multiple systems according to their respective system lifecycles,082018 082023          University of Languages  International Studies, VNU Major Janpanese Language and Culture Graduate High Distinction,12          ITIL 4 Foundation,VietnameseNativeJapaneseJLPTN2EnglishUpperIntermediate,Tool          RedmineBacklogJira MS Officedrawio SVNGit Postman Programing Language          HTMLCSS OS          WindownsMacOSX,System and Infra Monitoring  given to us by the client The main functions of the system are new registration and loginpayment by credit carddata entryuser managementdata visualization by graphsand ranking Team Size          4 My Position          Product OwnerCommunicator My Responsibilites          Design wireframescreate basic design Confirm requirements and conduct QA at meetings Communicate with clients via chat tools for progress reportQAfeedbacketc Work related to project management progress managementcoordination and reporting with clients Conducting integration tests Technologies Used          VueJSPHP LaravelMySQL
13,Pham Thi Minh Luong,,Female,Vietnamese,9 plus years of experience in the computer software with retail and manufacturing industry 4 years as a Scrum Master, Project Manager 3 years as a Manual Tester 1 plus years as a Test Manager 1 plus year as a Automation Tester Good understanding of Software Development Life Cycle SDLC and Testing Life Cycle Have knowledge of software development process following models such as Waterfall, Agile and Iterative development methodology Maintain ongoing communications between the project champions and management throughout the project to ensure the necessary commitment for a successful project Unit, functional and user acceptance testing experience to insure the software is working as designed and designed to meet the expectation of the customer Selfmotivated, innovative and goaloriented management professional Dedicated team player with skills and committed to high quality work, details oriented, team player,2011 2016          National University of Civil Engineering Major Software Engineering,Robotics Process Automation RPA,VietnameseNativeJapaneseEquivalenttoJLPTN3LevelEnglishIntermediate,Program language          Java Python IDE          Visual Studio CodeEclipseIntelliJUIPath Studio Tool          RedmineBacklogJira MS Officedrawio SVNGit JmeterPostman Web server          Apache TomcatIIS OS          WindownsMacOSX Database          MS SQLMy SQLPostgre SQL,Ashisuto  Customer          Vietnamese Customer Description          Software management system for 35 star hotels Team Size          10 My Position          Tester My Responsibilites          Actively study and clarify requirements to be tested Estimate time and create test plan Design and write test cases Execute tests based on test casetest procedures and capturereport test results Collect report and track defects Technologies Used          Java SpringbootVueJS
14,Chu Ngoc Minh,19980101,Male,Vietnamese,3 years of experience in the Software Engineering 1 year of experience in the Cloud Computing, DevOps 3 years work as a Ruby Developer, 1 year work as a DevOps Experienced in Software Engineering and DevOps workflows Experienced in working with microservices,20162022          Hanoi University of Science and Technology HUST,08          AWS Certified Developer Associate,VietnameseNativeEnglishIELTS65Toeic:785,Skill            Level High   Medium   Low Program language          Bash Script            o Monitoring tool          Grafana               o CloudWatch               o Prometheus               o AutomationOrchestration tool          AWS CloudFormation               o OS          Windows            o Linux            o Public Cloud          AWS            o Azure                  o,SPPL Microservices platform  Customer          Japanese customer Description          Implement API Backend for microservices applications Team Size          25 My Position          Ruby Developer My Responsibilites          Develop API backends for microservices using Ruby and implement user interfaces with AngularJS and Vuejs Utilize Nginx for load balancing and reverse proxying to ensure efficient API performance Implement authentication and authorization mechanisms using OAuth2 and JWT Write and maintain RSpec unit tests to ensure code reliability and validate logic Use Redis for caching and managing background jobs for faster response times Containerize services using Dockerensuring consistent environments for development and production Implement Sidekiq for background job processingoptimizing task execution in a microservices architecture Automate CICD pipelines to streamline the deployment process and ensure continuous integration Technologies Used          RubyAngularJsVueJsNginxOAuth2JWTRSpecRedisDockerSidekiq
15,Bui Duc Anh,19900101,Male,Vietnamese,3 years of experience in the Cloud Computing 3 years work as AWS Solution Architect and Cloud Engineer Proficient in building CICD pipelines 3 years experienced in work with microservices docker, k8s 3 years experienced with Automation: automate workflows plus gitlabCI; automate configuring nginxproxy, docker,, deploying modules auto renewsync tlscert, nodeexporter, Familiar with PostgreSQL,092008 082012          HoChiMinh City University of Insdustry,1,EnglishAround600TOEIC,Program language          PythonBash Script Monitoring tool          GrafanaPrometheusNodeExporterAWS CloudwatchELK stack AutomationOrchestration tool          AWS CodepipelineCodeBuildGitlabCIArgoCDTerraformAnsible Microservices          DockerPodmanKurbernetesOpenshift OS          WindowsLinuxUbuntu Public Cloud          AWS Database          PostgresSQL,SPPL Microservice
16,Pham Thi Minh Luong,,Female,Vietnamese,9 plus years of experience in the computer software with retail and manufacturing industry 4 years as a Scrum Master, Project Manager 3 plus years as a Manual Tester 1 plus years of those as a Software Implementation Automation Tester 1 plus year as a RPA Developer Good understanding of Software Development Life Cycle SDLC and Testing Life Cycle Have knowledge of software development process following models such as Waterfall, Agile and Iterative development methodology Maintain ongoing communications between the project champions and management throughout the project to ensure the necessary commitment for a successful project Unit, functional and user acceptance testing experience to insure the software is working as designed and designed to meet the expectation of the customer Strong expertise in automation test tools and designing and implementing automation test Selfmotivated, innovative and goaloriented management professional Dedicated team player with skills and committed to high quality work, details oriented, team player,2011 2016          National University of Civil Engineering Major Software Engineering,Robotics Process Automation RPA,VietnameseNativeJapaneseJLPTN3EnglishPreIntermediate,Program language          Java Python IDE          Visual Studio CodeEclipseIntelliJUIPath Studio Tool          RedminebacklogJira MS Officedrawio SVNGit JmeterPostman Web server          Apache Tomcat OS          WindownsMacOSX Database          MS SQLMy SQLPostgre SQL,Operation manager   Customer          Vietnamese Customer Description          Software management system for 35 star hotels Team Size          10 My Position          Tester My Responsibilites          Actively study and clarify requirements to be tested Estimate time and create test plan Design and write test cases Execute tests based on test casetest procedures and capturereport test results Collect report and track defects Technologies Used          Java SpringbootVueJS
17,Luong Ba Hoang,20000101,Male,Vietnamese,DevOps professional with 2 years of experience in design and implementation within fully automated CICD pipelines, reducing deployment time by 50% and increasing deployment frequency Experienced in build infrastructure as code, monitoring and alerting systems within security policies and procedures resulting in a 50% reduction in security incidents Experienced proven track record in reducing infrastructure costs, increasing system reliability, and improving system efficiency,GPA 31440  072018 062022       Information Technology Engineering  CERIFICATION 082023 082026       AWS Certified DevOps Engineer Professional 062023 062026       AWS Certified Solutions ArchitectAssociate 072023 082026       AWS Certified SysOps Administrator Associate,1,EnglishAround765TOEICIIGVietnam,Program language       JavaPythonType Script Monitoring tool       CloudWatchELK StackGrafanaPrometheus Automation  CICD tool       ArgoCDGitlab CIJenkinsTerraformAnsible Containerization and orchestration       DockerKsOpenshift OS       WindowsLinuxUbuntu Public Cloud       AWSAzure Database       MySQLPostgresSQLOracle SQL,AsiaPac Tech Description       Developed and maintainedimprove infrastructure Team Size       12 My Position       DevOps Engineer My Responsibilites       Developed and maintained infrastructure as coderesulting in a 40 reduction in infrastructure costs and a 30 increase in system reliability  Implemented and maintained continuous integration and continuous delivery systemsreducing deployment time and increasing deployment frequency  Research and recommended new technologies and tools to improve system performance and reliabilityresulting in a 20 increase in system efficiency and a 15 reduction in system downtime Technologies Used       Gitlab CIJenkinsTerraform
18,Mai Thanh Liem,,Male,Vietnamese,1,20192023          Hanoi University of Science Vietnam National University,1,EnglishUpperIntermediateAdvanced,Program language          Python Programing tool          Visual Studio Code Database          MySQL OS          WindowsLinux Public Cloud          Amazon Web Service,SYDS  Description          Follow the requirements to support the customers architecture Team Size          4 Position          AWS Cloud Intern Responsibilites          Monthly report and monitor support for their systems Technologies Used          AWS
19,Do Van Huan,20010101,Male,Vietnamese,1,072019 092021          FPT Aptech Major Information technology,1,EnglishBasicreadingcomprehension,Program Languages          JavaTypescript Program Tools          EclipseVisual StudioNetbeansIntellij Frameworks          Spring BootMyBatisHibernateReactjs Database          SQLServerOraclePostgreSQLMySQL Source Management Tool          Git Version Control System          SVN,Project name     L Project          From 092024 to 112024        Position Developer Description Synchronized management systemequipment for sale and rent Technologies JavaSpringDockerAWSMySQL Customer Korea Customer Team size 20 members Responsibility Develop Backend    Project name     A Project          From 072023 to 082024        Position Developer Description Job search applicationview job information Technologies JavaSpringReactJsDockerAWSOracle Customer Japan Customer Team size 60 members Responsibility Check out member made productsfind solutions and support members    Project name     R Project          From 082021 to 072023        Position Developer Description Website to create process and schedule interviews for candidates Technologies JavaSpringReactJsDockerAWSOracle Customer Japan Customer Team size 70 members Responsibility Check out member made productsfind solutions and support members
20,Nguyen Gia Tung,,Male,Vietnamese,4 years of experience at Cloud PreSales 4 years of experience at AWS Solution Architect 1 years as a Project Manager Deep understanding in AWS services, and AWS Pricing Strategy,20122017          Hanoi University of Science and Technology HUST,03          AWS Certified Solution Architect Professional,VietnameseNativeEnglishAround700Toeic,Skill            Level High   Medium   Low Program language          Bash Script            False   True   False Monitoring tool          Grafana            True   False   False Prometheus            True   False   False AutomationOrchestration tool          AWS CloudFormation            False   True   False OS          Windows            False   True   False Linux            True   False   False Public Cloud          AWS            True   False   False Azure            False   True   False,HVN AWS Support  Customer          Vietnamese Description          Control Securitygiving Cost and Architecture advises for more than 50 corporationsincluding VTIs internal Team Size          1 My Position          AWS Partner Alliance Lead My Responsibilites          Create VTI security standards on AWS Organization Leverage Security Hub and other AWS services to comply with companys security standards Leverage AWS pricing strategy on Amazon EC2EBSS3RDS to save more than 100000 per year for customers Technologies Used          AWS
21,Vu Viet Anh,,Male,Vietnamese, 4 years of experience in Operation System  Know how to use SQL in querry  Tiếp nhận và check log liên quan đến hệ thống và support cùng đơn vị phát triển  Log bug and job management on Redmine,GrafanaJira,20122017          Academy of Fice Major Accounting Major,1,VietnameseNativeEnglishBasic,Domain          MonitoringOperation System Monitoring tool          RedmineGrafanaJiraZabbix AutomationOrchestration tool          WindowsLinux Database          SQL ServerMy SQL,FCCL  Customer          Vietnamese Customer Description          Sale Staff My Position          Sale Staff My Responsibilites          Manage systems with retailer store Cooperate with partner to run promoteevents Manage Momos visible partners Technologies Used          MS Office
22,Thai Minh Tuan,,Male,Vietnamese,4 years of experience at Cloud PreSales 4 years of experience at AWS Solution Architect 1 years as a Project Manager Deep understanding in AWS services, and AWS Pricing Strategy,20122017          Hanoi University of Science and Technology HUST,03          AWS Certified Solution Architect Professional,VietnameseNativeEnglishAround700Toeic,Skill            Level High   Medium   Low Program language          Bash Script            False   True   False Monitoring tool          Grafana            True   False   False Prometheus            True   False   False AutomationOrchestration tool          AWS CloudFormation            False   True   False OS          Windows            False   True   False Linux            True   False   False Public Cloud          AWS            True   False   False Azure            False   True   False,HVN AWS Support  Customer          Vietnamese Description          Control Securitygiving Cost and Architecture advises for more than 50 corporationsincluding VTIs internal Team Size          1 My Position          AWS Partner Alliance Lead My Responsibilites          Create VTI security standards on AWS Organization Leverage Security Hub and other AWS services to comply with companys security standards Leverage AWS pricing strategy on Amazon EC2EBSS3RDS to save more than 100000 per year for customers Technologies Used          AWS
23,Doan Dinh Vu Cong,19970101,Male,Vietnamese,I am a responsible, dedicated and proactive person with assigned work Get along with everyone and be willing to contribute to the common activities of the unit Actively learn and improve from colleagues,2015 2019          FPT University Major Software Engineering,1,VietnameseNativeJapaneseBasicEnglishBasic,Program language          Java Spring Boost Java Core C IDE          Visual Studio CodeEclipseIntelliJ Tool          RedmineBacklog MS Officedrawio SVNGit Postman Web server          Apache TomcatIIS OS          Windows Database          MS SQLMy SQLPostgre SQL,FCCLMonitorD3  Name of customer          Goverment office Description project          The project is about government document management Your team size          20 Your position in project          Front End Developer Your responsibility in project          From the old interface of the systemcut and paste to create a new interface based on the existing design of the screens Technology description          HTMLCSSJavascript
24,Bui Manh Phuc,20000101,Male,Vietnamese,1 year of experience in CICD pipeline deployment 25 year of experience in Operating System troubleshootings 3 year of experience in system monitoring ClouldOnpremise Experienced in PC hardware building, AP networking,20182023          PTIT Post and Telecommunication Institute of Technology Information and Technology,09          IELTS International English Language Testing System 70,VietnameseNativeEnglishFluent,Programming language          PythonSQLBash ScriptPowerShell AutomationOrchestration tool          JenkinsGitHub CI Microservices          Docker OS          WindowsLinuxAndroid Database          MySQLMSSQL Public Cloud          GCPOCIDigiOcean,FCCL  Customer          Android Phone user Description          Design  build CI for Android AOSP ROM compilation Team Size          5 My Position          Pipeline engineer My Responsibilites          Design infrastructure architecture on OCI and OnPremise Implement docker for automated platform build Design  apply CICD process Build  Manage Jenkinscustomizing for batch operations Shell script for automated environment initialization Technologies Used          DockerOCIJenkinsBash
25,Pham Hoai Thuong,,Female,Vietnamese,1,102020 012023          Cao ng thc hnh FPT Polytechnic Major Website Development Graduate Very Good,012022          Top Notch 22,EnglishKoreancertificatelevel:PASSINGMARKS140TOTALMARKS200,Automation Testing          Postman Database          MySQL Oracle Design PatternModelArchitecture          MVC Design Tool          Adobe XD Figma Development APIPartyTool          Notepad PhpStorm Visual Studio Framework          Laravel Bootstrap CodeIgniter jQuery Vuejs Front end          html Frontend JavaScript css Markup Language          HTML HTML Operation System OS          Ubuntu Windows Others          Backend Programing Language          PHP Project Management Tool          Jira Gitlab Stylesheet Language          CSS Version Control          Gitlab Github,1
26,Luong Van Huan,19910101,Male,Vietnamese,9 years of experience in the computer software 3 years of experience in the Spring FrameWork 1 years of experience in automation test 3 years of experience of C Expert in implementing cloudbased solutions for clients Experienced in creating automated pipelines to streamline the deployment of applications and services Experienced in work with microservices,102009042014          Ha Noi University of Science And Technology HUST,1,EnglishAround600TOEIC,Program language          JavaPythonBash Script Profiling tool          Vangrind AutomationOrchestration tool          Jenkins Microservices          Docker OS          WindowsLinuxMacOS Public Cloud          AWS Database          MySQLPostgresSQLOracle SQL,JACIC  Customer          Japan customer Description          Various project for develop application using MFCimprove performanceaccuracy for OCR library Team Size          3 My Position          C Developer My Responsibilites          developer Technologies Used          MFCbuild tool on linuxprofiling tool Vangrind
27,Le Huu Minh,19940101,Male,Vietnamese, 6 years of experience in Operation System  Know how to use SQL in query  Perform update an environment staging, support dev collect log  Handle securityrelated situations  Log bug and job management on Redmine, Jira,Now          FPT Polytechnic Major Business information Technology,1,VietnameseNativeEnglishBase,Domain          MonitoringOperation System Monitoring tool          RedmineJiraCheckMKZabbixGrafana OS          WindowsLinux Database          SQL Server,FCCL  Customer          Onsite Tng Cc Thu Description          Monitor and operate the Tax industry application system Server systemwebservice app Tax Monitor centralized backup and internet backup systems Perform vSphere test management resources and services on the system Monitor and check the status of server systems and storage devicesFirewall device Check operating status drive capacityRAMCPU and resources Implement system checklist according to time frame Team Size          12 My Position          NOC Technologies Used          VsphereSolarwindIBM Storage and Backup Jira
28,Nguyen Hai My,19960101,Female,Vietnamese,3 years of experience in Software Development Project Management 3 years of experience in project coordination and technical intepretationtranslation Korean <> Vietnamese, Korean <> English Good understanding of Software Development Life Cycle, including Waterfall and Agile Scrum, Kanban, Exceptionally efficient in planning, time management and process standardization Skilled in technical documentation using Microsoft softwares and Hancom softwares Sufficient selflearner that can adapt to any environment and acquire new information quickly Capability to multitask and work well under pressure,082014 062017          Ha Noi University Transfered at Junior year Department of Korean Language 082017 022020          Kookmin University School of Communication and Information Department of Media Studies,0830          TOEIC 980,KoreanHighAdvancedTOPIKLevel6EnglishHighAdvancedTOEIC980,Documentation          Microsoft WordMicrosoft ExcelMicrosoft PowerPointHancom WordHancom CellHancom ShowGoogle DocGoogle SheetGoogle PresentationGoogle Form Management          RedmineJiraClickUpConfluenceTrelloBacklog Media          CanvaAbode PhotoshopAdobe Premiere ProAbode IllustratorWordpressNaver BlogGoogle AdvertisementFacebook Advertisement Experienced Domains          HealthcareFiceRetailEcommerceManufacturing Program Languages Program Tools          IntelliJVisual Code Frameworks Database Source Management Tool Version Control System,Development of internal staff and project management system  Technologies Used          JavaSpringbootThymeleafeGovFrameReactJsMariaDB
29,Ngo Thach Anh,19940101,Male,Vietnamese, 2 year of experience in Operation System  Know how to use SQL in query  Perform update an environment staging, support dev collect log  Handle securityrelated situations  Log bug and job management on Redmine,Now          Nam Dinh Industrial College Nicol Major Electronics and Communication Industry,1,VietnameseNativeJapaneseBaseEnglishBase,Domain          MonitoringOperation System  Tool          RedmineGrafanaIntelliJVisual Studio CodeGithubGitlabFigma OS          WindowsLinux Database          My SQLOracle,FCCL  Customer          Japanese Customer Description          Operate and monitor the monitoring system Respond to customer requests and provide customer assistance if requested by the customer Oncall system 247 Team Size          4 My Position          Helpdesk Technologies Used          WAFDDOSSOARSIEMEDR
30,Hoang Thu Phuong,20030101,Female,Vietnamese,Skilled in developing Bidata platform on AWS Handson experience with big data technologies such as Apache Spark and Hadoop Extensive knowledge of cloud platforms, particularly AWS,2021 Present          FPT University and Technology Information and Technology,1,VietnameseNativeEnglish65IELTS,Program language          JavaScalaHiveSql Data engineering          DatabrickApache SparkAWS GlueAWS LambdaKafkaHadoopSuperset ETL Techniques          Change Data CaptureData CleansingData AggregationData EnrichmentData Validation Microservices          Docker OS          WindownsLinux Database          MySQLDynamoDBSQL ServerPostgresql Public Cloud          AWS,USMHSearch Engine  Customer          Vietnamese customer Description          Design  build Data Warehouse for redmine Team Size          12 My Position          Data engineer My Responsibilites          Build data flowdesign data warehouse Technologies Used          AWSAirflowPythonSQLPostgresql
31,Huynh Thanh Tu,20020101,Male,Vietnamese,Deep understanding in AWS services, and AWS Pricing Strategy Experienced with implementing and deploying AWS services Experienced with InfrastrutureasCode tools such as Terraform and AWS CloudFormation,20202023          British University Vietnam BUV,11          AWS Certified Solution Architect Professional,VietnameseNativeEnglishIELTS70,Program language          PythonBash Script AutomationOrchestration tool          TerraformAWS CloudFormationAnsible OS          WindowsLinux Microservices          DockerECSECR Public Cloud          AWSGCP Databases          MySQLSQL ServerPosgreSQLDynamoDB Monitoring tool          AWS CloudWatch,APC Devops  Customer          Japanese customer Description          Migrate local script and automate task running on EC2 Team Size          10 My Position          DevOps engineer My Responsibilites          Migrate local bash scripts to EC2 Deploy automated tasks with Ansible Configure CloudWatch metric and alarm to measure the memory used by app Implement infrastructure on AWS using Terraform Technologies Used          AWSAWS CloudWatchAnsibleBash Script
32,Tran Thi Kim Bac,20020101,Female,Vietnamese,1,102020 062024          University of Engineering and Technology VNUUET Major Infomation technology,1,EnglishTOIECLR:600TOIECSW:270,Program Languages          Java Program Tools          VSCodeIntelliJEclipse Frameworks          Spring BootFlutter Database          MySQL Source Management Tool          Git Version Control System          SVN,Project name     L Project          From 092024 to 122024        Position Java Developer Description Equipment management systemmanaging information on quoationscontractsdebit notes and invoices for rental and sales of equipment such as carsprinters Technologies JavaSpringDockerAWSMySQL Customer Korea Customer Team size 20 members Responsibility Develop submodules such as debit note remindercalculate rental invoices for equipment and manage sales and rental equipment delivery    Project name     L Project          From 042024 to 092024        Position Fresher Java Developer Description The system serves the lending operations of ficial companies Systematize the customer loan process including initiationappraisalcontract signingloan notice signing and disbursement The system has the EKYC function combined with citizen identification authentication to accurately authenticate borrower information Technologies JavaSpringDockerAWSMySQLJBPM Customer Japan and Vietnam Customer Team size 25 members Responsibility Develop functions such as exporting loan noticesloan contract cancellation flowviewing loan contract cancellation history and appraisal processing function    Project name     Application to support learning questions and answers          From 122023 to 052024        Position Moblie Application Developer Description The system is developed as a multiplatform mobile application to support learning questions and answers in the classroomincluding the main function of question and answer and some functions such as classroom managementquestionsstudents Technologies FlutterMVC design pattern Customer Student at UET University Team size 1 member Responsibility Developed the user interface using Flutter and following the MVC design pattern
33,Ph,,Female,Vietnamese,Have 7 years of experience in the software development with a rich background 5 years in fullstack development, I have cultivated a robust skill set encompassing both frontend and backend technologies Involves handson experience in creating dynamic and efficient web applications, utilizing languages such as htmlcssjavascrit on the frontend, coupled with proficiency in backend technologies as php, nodejs, python Have successfully undertaken responsibilities ranging from system architecture design to database optimization, ensuring the delivery of scalable and highperformance applications and adept at navigating the entire development lifecycle,102011 102016          Post  Telecommunications Institute of Technology Major Software Engineer,1,EnglishabletocommunicateinEnglish,Database          PostgreSQL MySQL Redis phpMyAdmin Design PatternModelArchitecture          MVC Serverless Repository Development APIPartyTool          PhpStorm Programing Language          PHPNodejsPython Framework          Laravel Lumen CakePHP NestJs Express ReactJs Front end          html css JavaScript bootstrap Project Management Tool          Trello Backlog Gitlab Jira Version Control          Gitlab Github ERP          Odoo,1
34,Tran Dang Khoa,,Male,Vietnamese,1,092014          Hc vin Cng ngh Bu chnh Vin thng Major CNTT Graduate,01          AWS cloud practitioner,1,Automation Testing          Postman Cloud          AWS Database          MySQL Framework          jQuery Vuejs Laravel Docker CakePHP Front end          typescript Frontend JavaScript css html Operation System OS          Windows Ubuntu Programing Language          PHP TypeScript Project Management Tool          Jira Server          NGINX Apache HTTP Server Version Control          Github Gitlab,1
35,To Quy Thanh,20030101,Male,Vietnamese,Skilled in developing Bidata platform on AWS Handson experience with big data technologies such as Apache Spark and Hadoop Extensive knowledge of cloud platforms, particularly AWS,20212025          HAUI Hanoi University of Industry,1,VietnameseNativeEnglishEnglishPreIntermediate,Program language          PythonCSQLBash ScriptScalaHiveSql Data engineering          DatabrickApache SparkAWS GlueAWS LambdaKafkaHadoopSuperset ETL Techniques          Change Data CaptureData CleansingData AggregationData EnrichmentData Validation ML Techniques          Data PreprocessingModel Training and TuningModel EvaluationModel Monitoring Microservices          KafkaDocker OS          WindownsLinux Database          MySQLDynamoDB Public Cloud          Data PreprocessingModel Evaluation and Validation,USMH  Customer          Japanese customer Description          Building data platform for retail Team Size          5 My Position          Data engineer My Responsibilites          ETL Job for automated product tagging Technologies Used          Data Lake Architecture on AWSLambdaOpenSearchOracle DB
36,Dang The Anh,19980101,Male,Vietnamese,3 years of experience in the computer software 3 years of experience in the Cloud Computing, DevOps 2 years work as AWS Solution Architect and Bigdata on Cloud Expert in designing and implementing cloudbased solutions for clients Experienced in creating automated pipelines to streamline the deployment of applications and services,20162021          Water Resources University Information Systems,09          AWS Certified Solution Architect Associate,VietnameseNativeEnglishToeic600,Program language          PythonSQLBash Script Data engineering          Databricks Delta Live TablesDatabricks Unity CatalogApache SparkAWS GlueApache KafkaApache NiFi ETL Techniques          Change Data CaptureData CleansingData AggregationData EnrichmentData Validation Monitoring tool          GrafanaPrometheusNetAppAWS CloudwatchELK StackNew Relic AutomationOrchestration tool          AWS DevOps stackGCP DevOps stackGitlabCIJenkinsArgoCDTerraFormAnsibleAWS CloudFormation Microservices          KafkaECSKurbernetesEKSDocker OS          WindowsLinux Database          MySQLMongoDBDynamoDBPostgreSQLDocumentDB Public Cloud          AWSAzureGCP,APC  Customer          Vietnamese customer Description          Consulting for customer in the implementation Landing Zone Team Size          3 My Position          AWS Solution Architect My Responsibilites          Design Microservice ArchitectureMulti VPCAccount Architecture Technologies Used          AWSMicroservices
37,Nguyen Ha Phong,19960101,Male,Vietnamese, 5 years of experience in Software Testing  Experienced in Estimation Task, Create Test Case, Execute Test Case,  Receive issue, Raise issue to PM  Contributed feedback during the process of designing specification documents  Experienced in using SQL for software testing Commonly used databases include Oracle, MariaDB, PostgreSQL, My SQL and MongoDB  Experienced in API testing  Experienced in Automation testing  Knowledge in several programming languages: HTML, Java, Python  Experienced in using bugs management tool: Jira, Redmine, Backlog  Supporting units to use the software after being deployed,20172023          FPT University Major Software Engineer,1,VietnameseNativeEnglishB1Advance,Domain          Web App TestingApplication TestingDesktop App Monitoring tool          BacklogJiraRedmine Programming languages          HTMLJavaPython AutomationOrchestration tool          SeleniumRobot FrameworkKatalonPostman Database          OracleMariaDBPostgreSQLMy SQL and MongoDB,EXDEDIONIC  Customer          Japanese Customer Description          Examination of business feasibility and operation of demonstration experimentsas well as the maintece and provision of map data and tourism content Team Size          10 My Position          Tester My Responsibilites          Analyze and examine the functional flow of the business and the functionality of the software products Estimation TaskCreate Test Report Executelog bugmonitor and tracking issue on Jira Report on progress and quality to PM Create testcaseExecute testAPI test Technologies Used          My SQLPostman
38,Nguyen Phi Hai Nam,20010101,Male,Vietnamese, 2 years of experience in Website Testing Mobile Testing  Know how to use SQL in testing  Supporting units to use the software after being deployed  Estimation Task, Create Test Case, Execute Test Case,  Receive issue, Raise issue to PM  Log bug and job management on Redmine,2021  now          Hanoi University Major English Linguistics and Literature,1,VietnameseNativeEnglishC1AdvanceGermanDeutscheZertifikatB1,Domain          Web App TestingApplication TestingDesktop App Monitoring tool          Redmine  Backlog AutomationOrchestration tool          Postman  Katalon Studio  Test Cafe Database          SQL ServerMy SQLPostgreSQLDBeaver,EXVInstallationChecksheet Customer          Nihon Denryoku Inc Description          The system automatically collects information on electricity consumption from three different types of electricity meters in various buildings It manages information related to buildingsusersand electricity bills Team Size          20 My Position          Tester My Responsibilites          Test Case Design Create detailed test cases that cover various scenarios and functionalities of the web app Test Execution Execute the test cases on the web app to identify and report any defects or issues Defect Reporting and Regression Testing Create a Software Requirements Specification document Technologies Used          JavaSpring BootWindows 10 PostgreSQL  MongoDB
39,Nguyen Quang Hoa,19970101,Male,Vietnamese,4 years of experience in the computer software 3 years of experience in the Cloud Computing 1 years work as AWS Solution Architect and Cloud Engineer Expert in designing and implementing cloudbased solutions for clients Experienced in creating automated pipelines to streamline the deployment of applications and services Experienced in work with microservices,102015042019       University of Transport and communication UTC  CERIFICATION 042022 042023       Azure Database Administrator Associate 122021 102025       AWS Certified Solutions ArchitectAssociate 102022 102025       AWS Certified Solutions ArchitectProfessional 20230704 000000       Professional Scrum Master I PSM I,1,EnglishAround700TOEIC,Program language       JavaPythonBash Script Monitoring tool       GrafanaPrometheusNodeExporterAWS CloudwatchKibana Elastic SearchDynatrace AutomationOrchestration tool       AWS CloudFormationAWS CodepipelineCodeBuildGitlabCIJenkinsTerraform Microservices       DockerECSECRKurbernetes OS       WindowsLinuxUbuntu Public Cloud       AWSAzure Database       MySQLPostgresSQLOracle SQL,USHM  Customer       Japan customer Description       Create tool for improve performance Team Size       8 My Position       Python Developer My Responsibilites       Backend Developer Technologies Used       ANSAPython
40,Tran Minh Khuong,,Male,Vietnamese,2 years of experience at developement online learning system in FUNiX 6 months of experience at SQL Backend in FIS Bank Have good knowledge about Java  Spring Boot, Spring REST , Javascript  ReactJS, NodeJS  , Python  Django  Willing to learn and capable of quickly acquiring new technologies and programming languages,2018 2020          College FPT Polytechnic 2022 now          FPT University,0801 00:00:00          Big Data Coursera,VietnameseNativeEnglishIntermediate,Skill            Level High   Medium   Low Program language          Java            True   False   False Javascript            False   True   False Python            True   False   False Backend          Spring Framework  Spring BootSpring REST             True   True   False NodeJS            False   True   False Django            False   True   False Frontend          HTMLCSSJS  JQuery             False   True   False ReactJS            False   True   False OS          Windows            False   True   False Linux            False   True   False Project Management Tool          Trello            False   True   False Version Control          Github            False   True   False Gitlab            False   True   False Database          MySQL            True   False   False Oracle            False   True   False Redis            False   False   True MongoDB            False   True   False Public Cloud          AWS            False   False   True,FUNiX Online Education System  to optimize functionalityimprove performanceand provide a userfriendly experience Team Size           10 members My Position          SQL Developers My Responsibilites          Researched and studied the banks core banking system Developed and analyzed banking workflows and system partitions based on user roles and permissions Worked on service integrations and ensured seamless operation across different system components Technologies Used          Spring BootSQL
41,Tran Minh Khang,,Male,Vietnamese,1,092011 092016          Hc vin Cng ngh Bu chnh Vin thng Major Cng ngh phn mm Graduate Average Good Trung bnh kh,1,EnglishAnabilitytodealwithsimplestraightforwardinformationandbegintoexpressoneselfinfamiliarcontexts,Database          Database MySQL SQLite Design PatternModelArchitecture          MVVM Factory MVP Builder Observer Singleton State MVC Adapter Design Tool          Figma Zeplin Sketch Adobe XD Development APIPartyTool          BitBucket Visual Studio Android Studio Eclipse Netbeans SonarQube Notepad ERP          Odoo Framework          Android Flutter Mobile Native Android Spring Front end          html css JavaScript Markup Language          XML HTML Operation System OS          Windows iOS Android OS MacOS Others          Mobile Programing Language          Java C C Kotlin Project Management Tool          Trello Jira Redmine Gitlab Stylesheet Language          CSS Version Control          Gitlab Github,1
42,Luong Van Huan,19910101,Male,Vietnamese,1,102009 042014          Ha Noi University of Science And Technology HUST,1,EnglishAround600TOEIC65IELST,Program Languages          JavaPythonBash ScriptJavascript Program Tools          EclipseIntellijVSCode Frameworks          Spring mainVuejs  Database          MySQLPostgresSQLOracle SQL Source Management Tool          Git Version Control System          SVN,Project name     L Project          From 42023 to 112024        Position Back end team leadFE developer Description Sale Management System manage quotationcontractreceipt for sale Technologies JavaSpringDockerAWSMysql Customer Japan customer Team size 5x members Responsibility Team Lead  build source base for each modulereview source codemerged and deploy Guide members developfix bug communicate directly with BA and support clear requirements Develop FE Vuejs 3 tasks OT to cover deadline    Project name     J Project          From 62023 to 22024        Position Java Developer Description Construction material management system Technologies JavaSpringDockerAWSPostgresSQL Customer Japan customer Team size 17 members Responsibility Develop Backend    Project name     N Project          From 042022 to 62023        Position Java Developer Description Supplier management Technologies OracleJavaAWS LambaAWS SES Customer Japan customer Team size 15 members Responsibility Develop Backend    Project name     CRM for SME          From 012021 to 122022        Position Team Lead Description HR management and Attendance Payroll Technologies Google cloudPHP Customer Vietnam Market Team size 2 members Responsibility Research solution and develop product    Project name     Custom Management          From 052019 to 122019        Position Developer Description Custom Office in Japansemanagemonitor conveyor using in custom Technologies SpringBootstrapJqueryPostgreSQLGerritJenkins Customer Japan customer Team size 10 members Responsibility Web developer    Project name     Automation test project          From 102018 to 42019        Position Developer Description Develop automation test system control Virtual Box to run automation test Technologies JenkinsVirtual BoxPython Customer Japan customer Team size 2 members Responsibility Automation test developer    Project name     C Project          From 72014 to 092018        Position C Developer Description Various project for develop application using MFCimprove performanceaccuracy for OCR library Technologies MFCbuild tool on linuxprofiling tool Vangrind Customer Japan customer Team size 3 members Responsibility C Developer
43,Hoang Dang Khoa,,Male,Vietnamese,1,2017  2021          Ha Noi vocational college of technology,1,EnglishImmediately,Program Languages          PHPPython Program Tools          Visual Studio Code Frameworks          LaravelDjango Database          PostgreSQLRedisMySQL Cloud          DockerKubernetesHelm ChartAWS Services EKSECSALBRDSCloudFrontGitlab CICDAnsibleTerraform Application ServerMiddleware          NginxRabbitMQMicroserviceLinux OS Source Management Tool          Gitlab Version Control Systems          Git  CERIFICATION            AWS Certified Solutions ArchitectAssociate,APC Devops  Customer          Vietnam customer Description          Managing universitys servicesassets and resources Team Size          11 My Position          DevOps engineer My Responsibilites          Configuring CICD for project services Assisting developers with errors during deployment as well as systemrelated issues Implementing and maintaining CICD pipelines to automate the buildtestand deployment processes for software applications Manage server cluster configuration with ansible Conducting security assessmentsvulnerability scanningand implementing security controls Monitoring and logging along with prometheusELKstack Responding to and resolving production incidentsidentifying root causesand implementing preventive measures Technologies Used          NETAngularMS SQL serverDockerTraefikLinux
44,Bui Duc Anh,19900101,Male,Vietnamese,2 years of experience in the Cloud Computing 2 years work as AWS Solution Architect and Cloud Engineer Proficient in building CICD pipelines 2 years experienced in work with microservices docker, k8s 2 years experienced with Ansible: automate workflows plus gitlabCI; automate configuring nginxproxy, docker,, deploying modules auto renewsync tlscert, nodeexporter,,092008 082012          HoChiMinh City University of Insdustry,1,EnglishAround600TOEIC,Program language          PythonBash Script Monitoring tool          GrafanaPrometheusNodeExporterAWS CloudwatchELK stack AutomationOrchestration tool          AWS CodepipelineCodeBuildGitlabCIArgoCDTerraformAnsible Microservices          DockerKurbernetes OS          WindowsLinuxUbuntu Public Cloud          AWS Database          PostgresSQL,USHM
45,Nguyen Phu Quan,20010101,Male,Vietnamese,3 years of experience in the computer software 2 years of experience in the Cloud Computing 2 years work as AWS Solution Architect and Cloud Engineer Expert in designing and implementing cloudbased solutions for clients Experienced in creating automated pipelines to streamline the deployment of applications and services,2019 2023          TLU ThuyLoi University Information and Technology,12          AWS Certified Solution Architect Associate,VietnameseNativeEnglishAround700TOEIC,Program language          PythonBash ScriptSQLJava Monitoring tool          AWS CloudwatchCloud MonitoringPubSubGrafanaPrometheusELK Stack AutomationOrchestration tool          AWS DevOps stackGitlabCITerraFormWS CloudFormation Microservices          ECS OS          WindownsLinux Database          RDSMySQLDynamoDBPostgreSQLMySQL Public Cloud          AWSGCP,Mitsutoyo Keisoku  Customer          Japanese customer Description          Japanese government document management Team Size          50 My Position          Java Developer My Responsibilites          Develop Backend Technologies Used          PostgreSQLJava
46,Nguyen Hai Anh,20030101,Male,Vietnamese,Skilled in developing Bidata platform on AWS Handson experience with big data technologies such as Apache Spark and Hadoop Extensive knowledge of cloud platforms, particularly AWS,20212025          FPTFPT University,1,VietnameseNativeEnglishEnglishPreIntermediate,Program language          PythonCSQLBash ScriptScalaHiveSql Data engineering          DatabrickApache SparkAWS GlueAWS LambdaKafkaHadoopSuperset ETL Techniques          Change Data CaptureData CleansingData AggregationData EnrichmentData Validation ML Techniques          Data PreprocessingModel Training and TuningModel EvaluationModel Monitoring Microservices          Docker OS          WindownsLinux Database          MySQLDynamoDB Public Cloud          Data PreprocessingModel Evaluation and Validation,USMH  Customer          Japanese customer Description          Building data platform for retail Team Size          5 My Position          Data engineer My Responsibilites          ETL Job for automated product tagging Technologies Used          Data Lake Architecture on AWSLambdaOpenSearchOracle DB
47,Nguyen Cong Chinh,,Male,Vietnamese,1,092017 092021          i hc Thy Li Major Cng ngh thng tin Graduate Good Kh,1,EnglishAnabilitytodealwithsimplestraightforwardinformationandbegintoexpressoneselfinfamiliarcontexts,Database          Database MySQL Design PatternModelArchitecture          MVC Adapter Design Tool          PHP storm Development APIPartyTool          Visual Studio PHP storm ERP Framework          Laravel Codeigniter Front end          html css JavaScript bootstrap Markup Language          XML HTML Operation System OS          Windows Linux Others          Mobile Programing Language          PHP Project Management Tool          Trello Backlog Gitlab Stylesheet Language          CSS Version Control          Gitlab Github,1
48,Nguyen Cong Tuan Phuong,20000101,Male,Vietnamese,1 year of experience in System Administration 2 years of experience in Cloud Computing, Cloud System Monitoring Experienced in PC hardware building, AP networking,20182022          University of Engineering and Technology Vietnam National University,1,VietnameseNativeEnglishIELTS65,Skill            Level High   Medium   Low Programming language          Python            False   False   True Bash Script            False   True   False AutomationOrchestration tool          AWS CloudFormation            True   False   False Terraform            False   False   True OS          Windows            False   True   False Linux            False   True   False Database          MySQL            False   True   False DMS            True   False   False Athena            False   False   True Redshift            False   False   True Public Cloud          AWS            True   False   False Azure            False   False   True GCP            False   False   True,FCCL  Customer          Japanese customer Description          Migrating onpremise resources to AWS Deploy ecommerce websites source code on EC2 instance Migrating database from onpremise system to RDS instance Team Size          5 My Position          Technician My Responsibilites          Create and configure EC2 instanceinstall necessary softwares for deployment Pull source code from S3 bucket to EC2 instance to deploy the website Use AWS Database Migration Service to migrate database from onpremise server to RDS instance Weekly monitoring metrics from EC2 Web Server and RDS instance by AWS CloudWatch Technologies Used          AWSVisual StudioSQL Server Management Studio
